-- phpMyAdmin SQL Dump
-- version 5.2.0
-- https://www.phpmyadmin.net/
--
-- Host: 127.0.0.1
-- Generation Time: Oct 06, 2022 at 12:06 PM
-- Server version: 10.4.24-MariaDB
-- PHP Version: 8.1.6

SET SQL_MODE = "NO_AUTO_VALUE_ON_ZERO";
START TRANSACTION;
SET time_zone = "+00:00";


/*!40101 SET @OLD_CHARACTER_SET_CLIENT=@@CHARACTER_SET_CLIENT */;
/*!40101 SET @OLD_CHARACTER_SET_RESULTS=@@CHARACTER_SET_RESULTS */;
/*!40101 SET @OLD_COLLATION_CONNECTION=@@COLLATION_CONNECTION */;
/*!40101 SET NAMES utf8mb4 */;

--
-- Database: `ci4`
--

-- --------------------------------------------------------

--
-- Table structure for table `auth_activation_attempts`
--

CREATE TABLE `auth_activation_attempts` (
  `id` int(11) UNSIGNED NOT NULL,
  `ip_address` varchar(255) NOT NULL,
  `user_agent` varchar(255) NOT NULL,
  `token` varchar(255) DEFAULT NULL,
  `created_at` datetime NOT NULL
) ENGINE=InnoDB DEFAULT CHARSET=utf8;

-- --------------------------------------------------------

--
-- Table structure for table `auth_groups`
--

CREATE TABLE `auth_groups` (
  `id` int(11) UNSIGNED NOT NULL,
  `name` varchar(255) NOT NULL,
  `description` varchar(255) NOT NULL
) ENGINE=InnoDB DEFAULT CHARSET=utf8;

--
-- Dumping data for table `auth_groups`
--

INSERT INTO `auth_groups` (`id`, `name`, `description`) VALUES
(1, 'admin', 'site administrator'),
(2, 'user', 'reguler user');

-- --------------------------------------------------------

--
-- Table structure for table `auth_groups_permissions`
--

CREATE TABLE `auth_groups_permissions` (
  `group_id` int(11) UNSIGNED NOT NULL DEFAULT 0,
  `permission_id` int(11) UNSIGNED NOT NULL DEFAULT 0
) ENGINE=InnoDB DEFAULT CHARSET=utf8;

--
-- Dumping data for table `auth_groups_permissions`
--

INSERT INTO `auth_groups_permissions` (`group_id`, `permission_id`) VALUES
(1, 1),
(1, 2),
(2, 2);

-- --------------------------------------------------------

--
-- Table structure for table `auth_groups_users`
--

CREATE TABLE `auth_groups_users` (
  `group_id` int(11) UNSIGNED NOT NULL DEFAULT 0,
  `user_id` int(11) UNSIGNED NOT NULL DEFAULT 0
) ENGINE=InnoDB DEFAULT CHARSET=utf8;

--
-- Dumping data for table `auth_groups_users`
--

INSERT INTO `auth_groups_users` (`group_id`, `user_id`) VALUES
(1, 1),
(2, 2),
(2, 3);

-- --------------------------------------------------------

--
-- Table structure for table `auth_logins`
--

CREATE TABLE `auth_logins` (
  `id` int(11) UNSIGNED NOT NULL,
  `ip_address` varchar(255) DEFAULT NULL,
  `email` varchar(255) DEFAULT NULL,
  `user_id` int(11) UNSIGNED DEFAULT NULL,
  `date` datetime NOT NULL,
  `success` tinyint(1) NOT NULL
) ENGINE=InnoDB DEFAULT CHARSET=utf8;

--
-- Dumping data for table `auth_logins`
--

INSERT INTO `auth_logins` (`id`, `ip_address`, `email`, `user_id`, `date`, `success`) VALUES
(1, '::1', 'irvanakbar1913@gmail.com', 1, '2022-10-06 04:17:31', 1),
(2, '::1', 'irvanakbar1913@gmail.com', 1, '2022-10-06 04:21:37', 1),
(3, '::1', 'irvanakbar1913@gmail.com', 1, '2022-10-06 04:22:08', 1),
(4, '::1', 'irvan885t@gmail.com', 2, '2022-10-06 04:27:04', 1),
(5, '::1', 'triademulyono@gmail.com', 3, '2022-10-06 04:28:57', 1),
(6, '::1', '19090099', NULL, '2022-10-06 04:33:52', 0),
(7, '::1', 'irvanakbar1913@gmail.com', 1, '2022-10-06 04:34:00', 1),
(8, '::1', 'irvan885t@gmail.com', 2, '2022-10-06 04:35:49', 1),
(9, '::1', 'irvanakbar1913@gmail.com', 1, '2022-10-06 04:36:37', 1),
(10, '::1', 'triademulyono@gmail.com', 3, '2022-10-06 04:39:24', 1),
(11, '::1', 'irvanakbar1913@gmail.com', 1, '2022-10-06 04:46:33', 1);

-- --------------------------------------------------------

--
-- Table structure for table `auth_permissions`
--

CREATE TABLE `auth_permissions` (
  `id` int(11) UNSIGNED NOT NULL,
  `name` varchar(255) NOT NULL,
  `description` varchar(255) NOT NULL
) ENGINE=InnoDB DEFAULT CHARSET=utf8;

--
-- Dumping data for table `auth_permissions`
--

INSERT INTO `auth_permissions` (`id`, `name`, `description`) VALUES
(1, 'manage-users', 'manage user'),
(2, 'manage-profile', 'manage user profile');

-- --------------------------------------------------------

--
-- Table structure for table `auth_reset_attempts`
--

CREATE TABLE `auth_reset_attempts` (
  `id` int(11) UNSIGNED NOT NULL,
  `email` varchar(255) NOT NULL,
  `ip_address` varchar(255) NOT NULL,
  `user_agent` varchar(255) NOT NULL,
  `token` varchar(255) DEFAULT NULL,
  `created_at` datetime NOT NULL
) ENGINE=InnoDB DEFAULT CHARSET=utf8;

-- --------------------------------------------------------

--
-- Table structure for table `auth_tokens`
--

CREATE TABLE `auth_tokens` (
  `id` int(11) UNSIGNED NOT NULL,
  `selector` varchar(255) NOT NULL,
  `hashedValidator` varchar(255) NOT NULL,
  `user_id` int(11) UNSIGNED NOT NULL,
  `expires` datetime NOT NULL
) ENGINE=InnoDB DEFAULT CHARSET=utf8;

-- --------------------------------------------------------

--
-- Table structure for table `auth_users_permissions`
--

CREATE TABLE `auth_users_permissions` (
  `user_id` int(11) UNSIGNED NOT NULL DEFAULT 0,
  `permission_id` int(11) UNSIGNED NOT NULL DEFAULT 0
) ENGINE=InnoDB DEFAULT CHARSET=utf8;

-- --------------------------------------------------------

--
-- Table structure for table `migrations`
--

CREATE TABLE `migrations` (
  `id` bigint(20) UNSIGNED NOT NULL,
  `version` varchar(255) NOT NULL,
  `class` varchar(255) NOT NULL,
  `group` varchar(255) NOT NULL,
  `namespace` varchar(255) NOT NULL,
  `time` int(11) NOT NULL,
  `batch` int(11) UNSIGNED NOT NULL
) ENGINE=InnoDB DEFAULT CHARSET=utf8;

--
-- Dumping data for table `migrations`
--

INSERT INTO `migrations` (`id`, `version`, `class`, `group`, `namespace`, `time`, `batch`) VALUES
(1, '2017-11-20-223112', 'Myth\\Auth\\Database\\Migrations\\CreateAuthTables', 'default', 'Myth\\Auth', 1665045079, 1);

-- --------------------------------------------------------

--
-- Table structure for table `users`
--

CREATE TABLE `users` (
  `id` int(11) UNSIGNED NOT NULL,
  `email` varchar(255) NOT NULL,
  `username` varchar(30) DEFAULT NULL,
  `fullname` varchar(255) DEFAULT NULL,
  `user_image` varchar(255) NOT NULL DEFAULT 'default.svg',
  `password_hash` varchar(255) NOT NULL,
  `reset_hash` varchar(255) DEFAULT NULL,
  `reset_at` datetime DEFAULT NULL,
  `reset_expires` datetime DEFAULT NULL,
  `activate_hash` varchar(255) DEFAULT NULL,
  `status` varchar(255) DEFAULT NULL,
  `status_message` varchar(255) DEFAULT NULL,
  `active` tinyint(1) NOT NULL DEFAULT 0,
  `force_pass_reset` tinyint(1) NOT NULL DEFAULT 0,
  `created_at` datetime DEFAULT NULL,
  `updated_at` datetime DEFAULT NULL,
  `deleted_at` datetime DEFAULT NULL
) ENGINE=InnoDB DEFAULT CHARSET=utf8;

--
-- Dumping data for table `users`
--

INSERT INTO `users` (`id`, `email`, `username`, `fullname`, `user_image`, `password_hash`, `reset_hash`, `reset_at`, `reset_expires`, `activate_hash`, `status`, `status_message`, `active`, `force_pass_reset`, `created_at`, `updated_at`, `deleted_at`) VALUES
(1, 'irvanakbar1913@gmail.com', '19090099', NULL, 'default.svg', '$2y$10$V08FlyXNx2OGVfccpvBt6.Tvv2.q.Bn3PqHDyZ.Vgl812CAlLasbG', NULL, NULL, NULL, NULL, NULL, NULL, 1, 0, '2022-10-06 04:17:20', '2022-10-06 04:17:20', NULL),
(2, 'irvan885t@gmail.com', 'sikocak', NULL, 'default.svg', '$2y$10$3QbCvo2FtUKPKeWJBpffMOONn9WC1QWattTPTNtQ8qwWc6vxocj1S', NULL, NULL, NULL, NULL, NULL, NULL, 1, 0, '2022-10-06 04:26:56', '2022-10-06 04:26:56', NULL),
(3, 'triademulyono@gmail.com', 'silawak', NULL, 'default.svg', '$2y$10$ctKeSCsg41dE7jT0ynpV9OzLrBSi1MBKaGeTTqdtbp2gEyrreD0T2', NULL, NULL, NULL, NULL, NULL, NULL, 1, 0, '2022-10-06 04:28:50', '2022-10-06 04:28:50', NULL);

--
-- Indexes for dumped tables
--

--
-- Indexes for table `auth_activation_attempts`
--
ALTER TABLE `auth_activation_attempts`
  ADD PRIMARY KEY (`id`);

--
-- Indexes for table `auth_groups`
--
ALTER TABLE `auth_groups`
  ADD PRIMARY KEY (`id`);

--
-- Indexes for table `auth_groups_permissions`
--
ALTER TABLE `auth_groups_permissions`
  ADD KEY `auth_groups_permissions_permission_id_foreign` (`permission_id`),
  ADD KEY `group_id_permission_id` (`group_id`,`permission_id`);

--
-- Indexes for table `auth_groups_users`
--
ALTER TABLE `auth_groups_users`
  ADD KEY `auth_groups_users_user_id_foreign` (`user_id`),
  ADD KEY `group_id_user_id` (`group_id`,`user_id`);

--
-- Indexes for table `auth_logins`
--
ALTER TABLE `auth_logins`
  ADD PRIMARY KEY (`id`),
  ADD KEY `email` (`email`),
  ADD KEY `user_id` (`user_id`);

--
-- Indexes for table `auth_permissions`
--
ALTER TABLE `auth_permissions`
  ADD PRIMARY KEY (`id`);

--
-- Indexes for table `auth_reset_attempts`
--
ALTER TABLE `auth_reset_attempts`
  ADD PRIMARY KEY (`id`);

--
-- Indexes for table `auth_tokens`
--
ALTER TABLE `auth_tokens`
  ADD PRIMARY KEY (`id`),
  ADD KEY `auth_tokens_user_id_foreign` (`user_id`),
  ADD KEY `selector` (`selector`);

--
-- Indexes for table `auth_users_permissions`
--
ALTER TABLE `auth_users_permissions`
  ADD KEY `auth_users_permissions_permission_id_foreign` (`permission_id`),
  ADD KEY `user_id_permission_id` (`user_id`,`permission_id`);

--
-- Indexes for table `migrations`
--
ALTER TABLE `migrations`
  ADD PRIMARY KEY (`id`);

--
-- Indexes for table `users`
--
ALTER TABLE `users`
  ADD PRIMARY KEY (`id`),
  ADD UNIQUE KEY `email` (`email`),
  ADD UNIQUE KEY `username` (`username`);

--
-- AUTO_INCREMENT for dumped tables
--

--
-- AUTO_INCREMENT for table `auth_activation_attempts`
--
ALTER TABLE `auth_activation_attempts`
  MODIFY `id` int(11) UNSIGNED NOT NULL AUTO_INCREMENT;

--
-- AUTO_INCREMENT for table `auth_groups`
--
ALTER TABLE `auth_groups`
  MODIFY `id` int(11) UNSIGNED NOT NULL AUTO_INCREMENT, AUTO_INCREMENT=3;

--
-- AUTO_INCREMENT for table `auth_logins`
--
ALTER TABLE `auth_logins`
  MODIFY `id` int(11) UNSIGNED NOT NULL AUTO_INCREMENT, AUTO_INCREMENT=12;

--
-- AUTO_INCREMENT for table `auth_permissions`
--
ALTER TABLE `auth_permissions`
  MODIFY `id` int(11) UNSIGNED NOT NULL AUTO_INCREMENT, AUTO_INCREMENT=3;

--
-- AUTO_INCREMENT for table `auth_reset_attempts`
--
ALTER TABLE `auth_reset_attempts`
  MODIFY `id` int(11) UNSIGNED NOT NULL AUTO_INCREMENT;

--
-- AUTO_INCREMENT for table `auth_tokens`
--
ALTER TABLE `auth_tokens`
  MODIFY `id` int(11) UNSIGNED NOT NULL AUTO_INCREMENT;

--
-- AUTO_INCREMENT for table `migrations`
--
ALTER TABLE `migrations`
  MODIFY `id` bigint(20) UNSIGNED NOT NULL AUTO_INCREMENT, AUTO_INCREMENT=2;

--
-- AUTO_INCREMENT for table `users`
--
ALTER TABLE `users`
  MODIFY `id` int(11) UNSIGNED NOT NULL AUTO_INCREMENT, AUTO_INCREMENT=4;

--
-- Constraints for dumped tables
--

--
-- Constraints for table `auth_groups_permissions`
--
ALTER TABLE `auth_groups_permissions`
  ADD CONSTRAINT `auth_groups_permissions_group_id_foreign` FOREIGN KEY (`group_id`) REFERENCES `auth_groups` (`id`) ON DELETE CASCADE,
  ADD CONSTRAINT `auth_groups_permissions_permission_id_foreign` FOREIGN KEY (`permission_id`) REFERENCES `auth_permissions` (`id`) ON DELETE CASCADE;

--
-- Constraints for table `auth_groups_users`
--
ALTER TABLE `auth_groups_users`
  ADD CONSTRAINT `auth_groups_users_group_id_foreign` FOREIGN KEY (`group_id`) REFERENCES `auth_groups` (`id`) ON DELETE CASCADE,
  ADD CONSTRAINT `auth_groups_users_user_id_foreign` FOREIGN KEY (`user_id`) REFERENCES `users` (`id`) ON DELETE CASCADE;

--
-- Constraints for table `auth_tokens`
--
ALTER TABLE `auth_tokens`
  ADD CONSTRAINT `auth_tokens_user_id_foreign` FOREIGN KEY (`user_id`) REFERENCES `users` (`id`) ON DELETE CASCADE;

--
-- Constraints for table `auth_users_permissions`
--
ALTER TABLE `auth_users_permissions`
  ADD CONSTRAINT `auth_users_permissions_permission_id_foreign` FOREIGN KEY (`permission_id`) REFERENCES `auth_permissions` (`id`) ON DELETE CASCADE,
  ADD CONSTRAINT `auth_users_permissions_user_id_foreign` FOREIGN KEY (`user_id`) REFERENCES `users` (`id`) ON DELETE CASCADE;
COMMIT;

/*!40101 SET CHARACTER_SET_CLIENT=@OLD_CHARACTER_SET_CLIENT */;
/*!40101 SET CHARACTER_SET_RESULTS=@OLD_CHARACTER_SET_RESULTS */;
/*!40101 SET COLLATION_CONNECTION=@OLD_COLLATION_CONNECTION */;
